well_id,fold,true_c1,true_c2,ridge_c1,ridge_c2
00bbac68,0,197.66278780698056,-39.87491374821507,198.9741814829938,-5.691621278179624
00e12e8b,0,201.706917628917,-67.89695455094258,181.67772282411448,-19.44980645137097
01982c1d,0,102.70775192126754,39.14636042099406,122.54486244958596,35.80883502628973
028d7b28,0,-437.81996192586485,189.2075589241617,-316.25448792573854,92.46326606703477
044af7d1,0,-135.65247206667078,2.52632828556183,-122.13885027523742,-15.806662554601392
0a57a29c,0,124.67137531569736,69.88505290358243,194.9881537331511,-5.620467516346534
0d99f8e4,0,-229.6496746618021,58.261988788373785,-183.30649226200057,8.845035972511653
0dc835f3,0,122.89076839059403,83.46028883709259,168.15017071926928,51.08450193756605
0dd99dc5,0,284.28125221169205,-35.022546279490534,260.1263863261587,-12.88853764304027
0e5e560d,0,153.63727537030152,-37.655839281954904,123.0544062915661,11.69589555131276
14a53cb3,0,172.16827638505265,2.5986800948662276,169.79594466194632,13.089434904548568
14ab73fb,0,-8.057277308574207,-29.252806738235876,-13.607913247547344,15.511736552568482
14ad5efb,0,-313.4525679824594,24.214843883037116,-272.15413468130765,-5.2532452787047035
155887bb,0,187.63788807940153,-53.7430766896395,144.72412640520588,-16.64915990704282
198a5607,0,210.53307092786744,9.647928387017895,233.46101155409207,-6.615577660666174
1a518997,0,-112.317737187909,-34.429295468160014,-128.14469485963826,-21.244248880368932
1aaf1da0,0,201.98617707750986,16.44758672026758,187.5322726533378,14.149844776247779
1b08ed48,0,152.86613489714802,-3.0327606433131713,178.64649012975963,-16.51531941588083
1d78281a,0,-156.48773225597876,-7.771510008925226,-185.71157096891943,21.049682250324775
2043abc5,0,284.5054102476897,-12.174984331361184,280.84359417872867,-27.817593218723715
230eaaa3,0,-157.4923806535347,32.63879000129203,-195.49407530270966,14.476535345988108
25050f63,0,119.23942528521262,55.90534186664782,158.30633525595633,18.513690083871644
25fd32b3,0,-57.00177412534567,13.492264161306293,-73.72198479899353,15.524337877822234
27300fd5,0,193.30219423019815,6.825587071010549,163.82092737680395,35.546044569183245
28f4eda9,0,111.73433938553637,6.568682452815662,118.85983262559856,-4.70292974479552
2b547943,0,-71.6574447025373,-13.001408150869578,-115.88642138170499,2.7966090740318075
2bff06cf,0,459.34108810023383,-70.08718054932528,364.80079555071075,-41.6525073085487
2d196986,0,159.50336499986122,-4.125476776174972,176.0674307134231,5.7019527372847785
2e29e833,0,240.4074520726873,-37.31618761188492,206.89256856854502,-19.515520344519988
2f8e53c3,0,-59.71139291558268,-11.556262250080943,-63.720906590414025,-12.246398499842819
33c40295,0,118.46358615716761,58.08194926869141,123.13068491328215,32.39451521995992
347242c8,0,-138.83196990735271,-17.26090158620004,-159.34828111722445,-9.579904393519229
37344c2a,0,-100.73950011202463,48.10145558120267,-90.83954243156651,-21.232473924942557
373ef48b,0,-103.5771142340381,-16.71110547054059,-119.26675738216196,0.3290973198079312
37d36812,0,132.53527607861358,-0.8957829745777653,96.84582446430056,16.2401747451803
3a86fe8d,0,-150.3529602036149,-7.866254909135427,-114.80732130053522,-31.229269040846663
3aaa2b30,0,-187.06454028301613,15.582328583850206,-182.2946686605379,-2.7286643289834966
3bbe1f5d,0,-161.83755166617442,-77.02769182623517,-175.45043982834466,-47.38855608874971
3c3dbcbc,0,86.18318776907238,51.05324417397893,101.24860319419744,31.252187453176113
4121c517,0,180.72008650470687,-32.95316684005451,151.018524460229,8.369513905935591
42669188,0,207.30457010911346,-70.74549511772193,169.0677229198708,2.0621169183712187
43e16325,0,-58.89745741582423,37.67773857716636,-69.95870465832994,4.38769429176796
44441e54,0,-123.6048891737903,6.115837381279808,-118.13390816390006,1.47708715795957
4463446c,0,-152.92461765619424,21.735300702741462,-173.55624367482815,23.727940074564348
463c38f2,0,157.37281010641038,31.95430960099719,167.36411676200376,15.871696471767564
46a7190b,0,-79.91457018848585,37.66750517022574,-79.65894219073681,-3.2209478810315857
46dfcfca,0,-74.10498997532592,29.963886013986752,-78.5290182208789,-0.25784245132861106
47222616,0,64.16988665652363,64.40062884550385,96.0535417618295,18.008806034233864
4936af16,0,-106.12581184416777,-27.302945597257864,-101.84448780163268,-23.04382974257488
493b5b31,0,-51.26389405125143,-35.94519667992802,-108.11471913494685,6.542516181453457
4c3df468,0,-192.35887302867496,-85.6001667512512,-239.98964331438646,-4.761991093684669
4ddde4c1,0,126.39148765511219,39.36699782981025,148.8100330477582,9.344841341354616
504c8b08,0,131.81328675629697,9.454960171950432,180.38064013340224,1.4165918986944508
516088b7,0,269.871548572896,-28.719867824976536,271.22854641809545,-30.35995084531983
53134831,0,-116.51403270854233,-4.216445577863859,-105.92182864928694,-15.093207763061528
543198e8,0,381.760655277002,-73.52707381943797,310.7060145480494,2.718070944237743
55efee7f,0,207.08930661395192,1.946461497718208,264.19790899489647,-55.371106652182235
5663b2b7,0,-12.3952956942663,171.12941175905834,55.834018049722985,81.83418900262811
5693dde2,0,-128.7970120960341,-63.06323417679489,-139.0490316221471,-35.49623794558783
5a5d1982,0,-130.4409480034935,3.4728185277273815,-122.66226133822042,-18.18838118595124
5aef5c6c,0,-86.10253442274453,22.690712971553353,-99.70469693632415,28.655522223894238
5fb1c15f,0,145.23958188288788,5.395515610551274,97.17457525456214,40.50589511762165
633774dc,0,224.3500674187001,6.739442643875869,187.2950187774875,17.700813190646475
660d9546,0,-90.0207444168218,-33.85383681717817,-61.91075830807673,-55.03783439747775
684a6fc1,0,-269.65845442939406,61.463113449866064,-291.7985103569517,40.6447429500413
69c1bdad,0,62.70932871375342,14.594071396221683,31.699267998891063,52.44738918850804
69e41fa6,0,-157.93976172122962,6.272480534841565,-145.96615715589184,-2.5387457657525005
6ea22614,0,-240.21312485509154,17.10400138844653,-201.33264536818987,-9.40076839438263
7256229b,0,-232.8703500043333,7.774282415440235,-214.54361265546677,5.0558130818389175
75c20ec7,0,197.8535996332382,-5.908415623585857,169.3401363411579,12.92208490746351
764072a5,0,61.6041301982368,28.7457087996755,68.65467940726089,25.248573232662856
77b0d905,0,93.8830532049483,39.1279945928928,100.15879481974073,20.2133879840659
7987f2f2,0,-203.65183953438108,28.840412276467973,-172.06625040003627,-11.01370334457549
7bb17b96,0,-154.95433430950825,-3.7086298770373585,-167.53640706657657,5.8438944024796795
7c607683,0,135.49043188473604,41.29574916788946,201.50472694620908,-20.3216709617144
7ff89f8f,0,267.9244264379731,-83.98326673675955,194.4234041827093,-12.308930419793139
833af382,0,45.075895646078486,27.3445668261152,42.76514877291901,45.077487569064644
85380836,0,188.97557443798544,17.88047779342795,157.76664476571827,15.816772363647829
8648abae,0,-191.5262506032273,12.956369669818102,-185.71346506884785,9.25265334674587
865033f8,0,93.52135439929215,20.972687125604335,100.07723373969219,21.680629006579075
8b5be31b,0,249.04230589769438,1.5780878008920303,266.3661127912331,-26.19115746090288
8b95d6d1,0,-74.18908657897077,25.315395071488336,-39.359915984356185,-4.258301783514698
8bb9c1e6,0,190.47063545353927,-29.441419731558618,168.70623315204088,-13.738402107357963
8c8348e8,0,-60.749960063874255,13.982657465491458,-92.06307158844089,18.679475024043924
9283ae69,0,187.51291241964856,-26.521068617026113,156.34018674826643,0.3984628249541968
9298ad5b,0,146.0140241627356,-33.61136524453762,104.0600803816993,26.82131920887352
944f36b9,0,-160.23808941859798,-15.109630602411274,-153.84420481242904,-19.942078937938852
9719aa04,0,175.3994727439774,21.388086501974765,169.32844741680253,12.741876077299679
97cd5bf9,0,126.70511025698094,13.223827378725975,114.61250657022055,11.867313235434885
9896fc0b,0,-68.42589945418639,-84.87973058278362,-98.35998808661748,-15.601130569854355
992c99e8,0,176.24636371290975,-47.56213156883559,179.6663256034069,-22.669387119578335
9ab94eeb,0,155.61799315201694,20.043470975513006,198.16265670352266,-17.951311249921684
9b5b61c1,0,-158.22144046601238,-5.329535000711891,-148.6466491185463,-17.56710296418353
9d4272e3,0,155.98977642644323,-14.330727841417064,153.6568673753928,-25.058050265996584
9dede370,0,264.9287000427142,-8.183059242902878,225.30625892072004,-1.4937298256813842
9dfff011,0,73.6828325886077,24.125024331760965,111.84436816291145,-11.345081835307845
a0b83014,0,-99.18316796077107,-11.195612440631479,-125.54313265213409,0.9736685631887969
a3518960,0,139.17984841472463,27.226672625537077,158.09758004283879,-1.1297148305206073
a4719920,0,-225.7744056415248,23.175996226578775,-194.40841028127468,-10.397795253682027
a48640d9,0,-218.45371707584704,132.4506786959183,-167.65939967655774,43.81130241421024
a645da9a,0,-240.14793503797537,-17.40443769254454,-224.24511166794514,9.792780201881996
a692b17e,0,68.69370579447514,54.10117649637732,70.01135483733003,46.42877245148552
a6b8ac67,0,335.8897977897125,-83.46416906241826,286.477243063833,-52.52974743659261
a85e4bc3,0,-101.66405824420065,-110.42666107799569,-136.34607914196184,-64.54034375044266
a959858c,0,-190.7741485383845,3.45255537036518,-156.84113276252145,-31.15598039099457
ab112491,0,192.85157521717264,-43.917934958875584,117.37381073404185,17.41854605021333
ab18d3fc,0,-135.13319105545867,-54.96606593434055,-110.39564714928105,-46.047446157536434
ae35f33a,0,-189.2040633506109,45.49848023404319,-152.24534136208177,5.337246320404117
aff4e561,0,174.99470964453707,-55.11750075544009,162.89423108864602,-32.9139020897143
b19b0395,0,-113.66623538802344,-0.015357149256278482,-115.27815262165726,-2.306376798754142
b38e3116,0,176.5550230669247,-18.00974095643191,168.35180059287788,-7.296414553329402
b7974e66,0,143.58736204814156,-0.9323111142221654,121.6103952097684,26.039143243550466
b8c49c1a,0,-147.59771744778067,31.108118765554554,-137.33894568046054,4.7026651688956305
b95e7121,0,-370.5625977377877,41.48074636530198,-286.1330882437724,-5.026287490663043
ba48188d,0,130.0802265781677,-3.2210602794571637,179.2429255259235,35.44824874957244
bd4ae5da,0,215.81165170509144,-28.53127641074729,196.61050802226137,-6.518432018252197
bd8f847e,0,-253.04441454976168,54.703598600049965,-189.82815093983714,-13.901966879239826
c07fd0cd,0,-218.85181637219438,78.03978398318506,-192.47388634796135,53.85506708759288
c3957531,0,51.3579551876015,49.46771034630425,77.63343963260388,18.274414263561823
c472c0b5,0,177.00072342075183,3.591669367802833,158.7754827365082,7.789956132130164
c50b42f6,0,-115.596241843012,5.984758316169506,-140.4492908303735,3.1228737677221865
c593337f,0,227.96335642555988,-90.28574611205345,204.21114589841144,-22.166829091426028
c84c65be,0,350.5567014298715,-59.128433771154356,306.12448047482667,-20.573723304266345
c9578d27,0,215.16967011774125,-30.27053988720042,172.4563523741904,-4.341397902650444
c96c018a,0,-178.3027457506032,-35.97304749567506,-181.81158334848587,-28.835983823795832
c99f9fae,0,-292.31765169243675,-19.797610007525993,-262.80651667336696,-8.826779948138892
c9fedcf3,0,-89.56414687374036,-8.077046702111074,-90.07410232575614,-18.779386314847212
cbe51de1,0,-184.06858692986805,1.5091047778024076,-198.10807251692404,25.659938495008547
cc08aa63,0,111.2204350134939,7.416262453174497,87.68111462950952,22.095866691617072
cda7eb37,0,5.682680626405757,185.90788689012447,115.7124932978281,51.99058212974137
ce8399b7,0,-60.54031694890838,-16.26991432516814,-106.60810380436726,32.07320345944867
d3df146b,0,-141.2268452718946,-2.3904800823853374,-139.04106218469963,-29.99776737604354
d40f61d5,0,-140.44304976598875,23.226353318306188,-142.7781561529645,18.740529176289517
d50c649a,0,230.58330600451598,4.66284162528248,228.83394237429425,-11.941178525934056
d7ba4f9d,0,-403.97408301341216,146.58271436992376,-313.14295542622784,74.09952528971466
d84b621b,0,157.93512214573872,-41.99721008269511,166.18669170585378,-37.20687626124585
da2d4d7c,0,-57.09375354755317,-4.617849124251632,-88.71640375059738,8.299913559962707
dd7d638e,0,132.9546034865414,10.416498329881597,145.57164758901152,-7.430997149868297
e46f4ef4,0,-148.52513003306012,13.694039281549276,-165.18444189395285,-0.7946803237168583
ea41324e,0,-84.57007646225432,-85.84556588820453,-134.68488463047325,-28.60459367399492
eabc711b,0,150.48785090783903,-42.022406323204066,166.10713762920676,-30.79651676917515
eba6605e,0,31.61251614016089,-100.8390540699944,-8.630278662590811,-31.635627449830544
ee0300f7,0,-93.44125626769579,17.303720813515433,-117.0053194538462,4.569407666073116
eeda36f5,0,-206.44691046798187,28.791711585213537,-150.3988872875045,-19.592420120460556
eeed308d,0,-146.83699158580814,17.973201274298372,-146.70617637019393,6.587278422700851
f021b650,0,169.19182162845354,24.947998330547918,173.90914582050902,12.771999831825617
f4d12d23,0,49.754307329799204,25.664881290018357,91.74387618567135,5.096018116785511
f6bc699b,0,-130.8446164477839,18.299913500548893,-114.84720787442293,-3.6999213970992613
fb03ae90,0,-116.33812579885483,230.02317854674035,52.975214440489786,69.2940050899036
fb3848a1,0,201.24089745892735,-7.311173179482084,220.32699076634424,-22.555736055152682
fb73b13a,0,288.4109362966478,109.36781240350136,294.1861003428124,66.66601476075164
fc0d20b2,0,171.38292760561615,1.863594059300489,168.5313948051438,21.85246709370011
fd3b4faa,0,189.5234566991816,-15.10984323832052,180.66625234514342,-7.631249461537225
fef8af96,0,-76.64165047952713,-62.53454472454159,-63.085113208614736,-22.746024037565764
ff8bb73a,0,320.676701266904,-56.65492785751687,290.2139688372336,-33.39483316983398
015fe0d2,1,-98.7387933474942,-50.52623362250421,-164.80183398380962,-5.105202220371857
02e7fe5a,1,148.2646738893842,-59.07789169958196,137.04193941022382,-38.08336728179756
0849b4e2,1,-145.08811034648826,-11.262828703821297,-136.54298519129836,-1.4329317740884713
09053135,1,-183.42490178753715,10.386027002802871,-201.72992562665942,26.51829750239647
0955cd6c,1,-96.2193381976179,-37.8926469121565,-100.10923782803401,-31.298005811069306
0be01c24,1,-148.00551813520389,-14.749941109627194,-136.5519766342184,-20.181294507475815
10a1281a,1,223.02322933350766,-40.716429290655796,229.1091471775654,-30.60714675532688
1131525f,1,-99.07995084610606,-0.19157389557194937,-109.99344279812897,-10.964624056324336
11d0f5ac,1,153.43172605493422,8.711655894199316,155.30209362877753,-6.080149749839831
12203f2a,1,142.8381661610107,-21.339221830703035,161.8488947528881,-24.775793148075092
122bd617,1,168.29450328872886,3.149678986332808,212.07286922766596,-27.78051688604562
13ce113d,1,132.9223748048589,-28.262999315429145,135.0938594556719,-33.275028679634474
13f598d9,1,269.0832286774503,-38.054318988123484,262.7046471067573,-33.539231776268636
19871e7f,1,186.1715654211204,-22.83047650017284,181.91066757343947,-5.267306510740652
19fb4f7b,1,197.65213280565177,17.207572783752116,179.46969675410762,15.690019881304792
1b1eba53,1,130.38266727862006,-157.79226438490934,-62.37480510493765,-32.76120010897868
1fdbba44,1,255.79034812450521,10.157070799271427,244.94793193219104,-11.81479579401759
201661b5,1,130.0158045013939,87.65705198749873,135.55428268384057,45.61939375717539
204cc64b,1,186.4739652418826,-34.56976808912154,165.33870276016148,9.035254533502371
206b6193,1,201.0460407738937,-4.533881151248732,246.27306257174095,-2.3843823718697834
24d8997e,1,90.81564081033235,12.770936615829081,105.14082387765302,8.48620141348771
25939962,1,78.43394646460172,49.5390332721308,81.42163742858776,43.90619879133814
264feceb,1,266.39430109689187,-63.20113068263382,259.15713108624783,-52.08615571603606
2ab29395,1,-58.64077325712118,11.083233661216417,-51.16527330670522,-12.377106999588252
2ac7cb6b,1,224.6019234261459,-0.22794624078155937,204.94090017986358,33.65212029862449
2f19d536,1,118.61082189151867,-22.522622077118562,112.3060973194334,-0.1261930054559659
2fe023be,1,184.38392749331646,-15.076986813626464,131.39600046194204,49.498160240704976
30d75030,1,161.74196028882338,-39.31270718037696,163.84312979131826,3.69028805062122
353e5502,1,204.77281029860958,20.83127015457719,218.84066222330063,-5.6895987194709114
367456ce,1,-202.73136614060155,-22.28691661511159,-201.10506078077856,-16.920474914959772
368131f9,1,137.57375624469043,81.54633409970432,158.20594299164526,31.98946310553227
368fe682,1,235.7078388822793,-73.46670249141037,183.34266409810854,-20.650493846049216
3ac16ad0,1,-180.54322641710218,28.774781343370435,-175.31255515114802,25.423260892747653
3b21ea64,1,265.6025083874618,-35.9677073666863,258.7011251614502,-31.920909221329335
3e011332,1,75.70564774736184,71.04497268039557,61.05205677476077,55.138942238381546
3e678ea7,1,-154.1535586824351,13.824571939916282,-162.03111319212022,-5.109094505271152
3ef6372a,1,-149.8494458881409,29.557980454389735,-140.4303288786755,7.153675232113905
42c538a1,1,10.971659197524636,45.74897115561907,-56.4273816233318,66.29215740014028
43c7f85a,1,-183.67236318628247,-45.7877080608682,-180.02686371347235,-25.780714993479517
4654e7de,1,-112.14704325318151,-59.636277614059615,-116.30793262085601,-54.217008708664544
4a335117,1,-145.02941641661894,-29.34822746337719,-165.2970343219948,1.7703500133030319
4cd1ac61,1,188.17137059635317,57.9199071398458,203.96584097235507,25.452626694338505
4f4afcc6,1,-142.77745418124894,-64.97105092837624,-162.70350020607245,-26.956833061806677
521a7819,1,187.63501453688644,-13.547833497345943,272.8505026833332,-68.08964219335661
5254b6db,1,106.78701654174623,-1.2908161561320206,95.37058402834195,19.672822359631482
5542c301,1,191.19496262295277,-21.36093342285703,168.3527532900992,2.0573953323684258
58850d2c,1,34.654360200286675,22.358141640765904,72.63094154309296,4.952664051188754
58fa8486,1,139.55180144370422,-10.155078720518043,161.57469411701965,0.9825748359903008
5aa403d0,1,180.07860917787943,-3.0215599580732997,135.78116546379474,10.24727054053076
5d11dfb5,1,254.3112216026645,-25.748968480472595,201.01450903788313,15.287296513212041
5f6756c5,1,237.3023595236916,8.627199779353749,218.80323824929846,12.411312946145113
62a6f539,1,109.1872285080488,3.244254953638626,131.860796138374,-1.5291111471355099
65156b96,1,-201.3287989330715,33.37387776669795,-151.74869140581285,-20.852139421873968
67a8da4a,1,204.35025489139875,-37.484467137827046,172.35939241648094,-11.387907928188994
6d1d74e1,1,-194.56390292136317,-100.40291565122801,-229.93730064626382,-10.205678832891259
708caea9,1,438.10684339722786,10.820049388605481,356.32224972413957,19.350624391026575
70925e23,1,229.39849949730635,-154.35668086510563,147.8100120902315,-46.6796365330058
726f3dc2,1,245.5991309450167,-42.30941756205579,251.49803823292396,-36.01195681001176
729665c0,1,-121.60334872969212,-36.09365821936031,-113.44553669534716,-36.75014681332152
72dd8501,1,151.7232233213438,-4.455844196230288,149.95803456113813,-3.857499809887197
739a914f,1,-200.96604203278156,-25.14631419404006,-165.91658856926907,-16.032247494350845
76201745,1,-155.3896239838471,-20.76830044634043,-158.7097659789729,1.2693109753899596
78a4a386,1,163.75821183992153,1.7970512932262397,189.02729020603977,-19.619125330170455
7b38844c,1,-103.00048219007947,-13.214517670506606,-77.0226527939932,-42.43508813138104
807f0298,1,191.8452265790869,78.66162199575982,256.4354539626136,-18.00583444332281
81bf5923,1,-15.822850927049496,11.908339132908036,34.595522206644816,23.311944597897984
82fcf37c,1,163.58983832572136,-62.15436899722409,155.82815052663474,-37.54510488586961
8382f4b6,1,181.55273180878504,-65.5861863382628,190.4536366310479,-24.600853507760416
8478df29,1,184.66122588111358,49.14408678529309,216.3833438648904,3.154596227409195
84815d5a,1,102.90191969286096,1.6869506846696805,88.8346560360424,28.74984499363627
84c3b497,1,125.70130326700922,65.71912869590902,131.75079305785934,26.460097766779555
86454a6f,1,-162.95467647640734,-76.06835859841844,-338.21737380570204,40.52518510648468
87695469,1,283.6275879846137,-57.67578808088566,272.33829180799495,-35.90277172909175
8902c3f6,1,-211.6860622905319,76.94778225547658,-180.93201365898994,39.050660397814966
896d15b9,1,90.66864907608156,118.98582759365702,36.737698738075125,88.67639487445459
89f36adf,1,-76.54048295508942,-37.294173257013924,-95.06766684972496,-26.476272526330177
8ac2f237,1,144.904816294826,-31.379443776796954,145.83169923992534,9.868177085091018
8b12bab6,1,112.6774895609342,32.44602900195907,122.42542521979709,10.931339921726053
8bfa881d,1,99.52884317488054,25.096903460291987,84.19301848619823,8.259974521440478
8d5d46d7,1,278.9893164619372,-72.03592180297485,221.01049708961347,-22.675155943181633
8f201368,1,235.87960965958598,-24.3617401969315,136.87972325967567,34.84259536004
91db7070,1,-71.53080148077377,-53.242908198386736,-146.39147515807932,-24.847237791176962
939d9c34,1,193.62969023738736,-34.18852300329295,229.80180267165258,-61.79763683970176
992ce078,1,19.79073905886528,82.54311897414831,53.41465145376799,46.488635098745306
99529c45,1,109.89601203620272,44.37759814269927,147.6525221070098,1.9167021361492325
999daf80,1,109.12169415202378,-2.7301286175376878,124.36312446481105,-0.5905826679558769
9c350a6a,1,-113.01157746401681,7.887673491916069,-180.26217778321606,41.74968228032636
9d5e14d4,1,187.27143312872494,9.88916523032098,255.0564045174505,-31.2533878141744
9e3e364d,1,-207.6245203913044,44.18397348107097,-173.22929780246233,-0.028660312808963306
a08d9e63,1,-84.50190179663204,-48.64058264998744,-166.13006372720744,25.84594565964044
a2e8e7f6,1,-131.50631471420365,28.593828717743698,-102.58320252687395,-32.85213787392182
a4cdbb0f,1,135.7528563211181,58.04276294963568,165.9958068906066,12.520468124459855
a5aa7973,1,189.50398739037772,-16.386326143849303,210.61438721786854,-7.4102388551197285
a622ce4d,1,-235.9999930721175,-74.06529706011338,-263.93702046010765,-16.915513128444566
a76db406,1,-151.75443818726112,49.25008031274406,-153.73064773358743,25.609059436397168
a7744f5b,1,-165.04258871075544,35.11087821696845,-152.7313562272029,-2.3616568616841027
a7fc3e6b,1,-85.70229803540292,-121.92892341236721,-179.18094909480547,-14.887509121631517
a9c9b150,1,140.80918013462951,16.832023740990678,159.99529838235026,3.5386468419989816
aaaf3c03,1,-81.85644982775683,218.11661925671564,16.957847313215268,79.3158711032429
ab94878e,1,312.5884540908046,-47.53448899170642,307.57846134301275,-42.719049488494754
ae0784a8,1,-308.84515013016426,54.89677259623643,-275.2057906894258,19.56934381671742
aee6393a,1,-120.82710555338764,-0.6307876705269058,-143.67240705748193,-6.096632476013564
b04b58a3,1,-150.0458237269338,13.853524031344946,-163.4981349371487,29.94359628659216
b3388334,1,67.35979310823039,134.4375347842173,156.51065805992272,28.83072057434578
b37fd114,1,-316.2935224152357,83.14499192488813,-304.6560936976883,55.397148433599014
b4d8dd4f,1,122.2645359426722,27.299033519825727,138.39447446696104,-10.813882100814128
b4f37e6e,1,-78.40633997153259,29.102079533596356,-83.63386497896015,5.144827394334808
b7cdcecb,1,-206.82662587820337,-65.369768686124,-225.3733950803284,-22.621608111624266
b7fea9ef,1,-159.27098641829846,-0.5014377620377742,-133.07757610853508,-28.875688555617753
bb2cdd83,1,138.9384092719878,3.8536714671950256,176.62360534853627,-36.203792848002756
bc4381e2,1,275.09798215732,-140.6076588603033,187.97355260260903,-42.91316408005608
bd2c2f34,1,257.8581211431642,-9.05137068142914,271.646030077495,-25.720589034781614
bd6f0e19,1,-101.09565134072857,-54.56624679007886,-127.91070352162535,-30.973528903402755
be35c8f2,1,188.55997097952218,-65.15450518514074,168.33358057837432,-17.758965169958486
bffe3082,1,-141.75144545994118,-8.573038759692237,-182.31750122586928,-8.26215886240249
c1d046f4,1,-141.0569254381382,-44.39807335342409,-182.12489111079947,4.724939847806384
c43812e2,1,288.2823767212796,-53.50723705162019,240.57752288822704,-8.998122880183791
c9e6734f,1,-67.30673650127393,23.82242387138062,-110.88630291168866,7.93008995242074
c9e980e8,1,-140.20376392491474,-29.398482430514118,-142.89271613120187,-13.415719337532066
cd7f1687,1,172.92158401010875,-15.58469102032083,179.42104272046544,-13.610124559835484
ce55ba43,1,137.701537973812,-0.7899602023013722,115.0856512757633,18.771171922475062
cf50c9d1,1,168.213297168021,10.249791756866943,203.85088784198263,5.780830660596802
d00e7eb9,1,-198.72763297098132,14.474764278220979,-127.37077517190852,-43.49593804422259
d07aed8f,1,-52.17219596266471,23.45151595665617,-69.24555039095176,16.664999267929065
d085e611,1,-231.14823486153836,-15.412437552405834,-243.01697179408458,12.009644675732392
d0a0e7b5,1,118.5157243933604,-5.646299717270378,122.93614035165176,-13.328051521786765
d0a43760,1,-93.3340610411561,76.98236038784145,-99.78684080131066,34.12687131716735
d24ff243,1,-111.99298740663865,5.585048888312258,-132.97491627299175,3.1978190943934317
d6c320d9,1,-63.90573918757545,-103.58918826929066,-108.54650387792199,-64.73346336695886
d90aa14c,1,269.52623929683296,44.74591163208636,292.882526220932,11.012732238744736
d9eca87b,1,246.99094407565377,-142.67064324996426,212.78846857397787,-31.695934032546873
da3bfe4e,1,-143.55462556897007,16.586347761479292,-78.79423342440192,-33.938039645416644
da3cf798,1,246.74988889557292,10.690146424477645,231.90249884448258,-3.032523414964852
dbee6c86,1,293.23612047390213,-54.37957911134803,288.82549751901996,-55.834288471163255
dc5fbe29,1,-152.31156672076523,15.11398150556206,-161.45336707861765,14.017683440443015
dc7da28f,1,-136.35373162997288,56.810201518678774,-143.66855625740848,15.368698427764304
dc7f9757,1,82.427925431273,29.57376757533623,83.5416031581361,39.735722964471606
dd6bc5b2,1,-126.66385991114787,7.14034483744704,-156.11710004681444,34.47576157557779
df73b8f3,1,-140.1575944465482,-91.49468264483295,-172.10954262754535,-15.120787814969326
df8290be,1,55.86640833903772,89.90059027263237,63.09713337196125,55.02279864850462
e149204f,1,-174.71357179713644,-55.44964967039642,-202.47889996365035,-15.97997120809358
e25f1537,1,197.36001658372587,-51.217706516235246,172.34171470858107,-2.6917192983819627
e6c55748,1,-141.10797869374903,19.355047145895824,-139.97709180027863,-3.89980629437522
e7d0c1de,1,-130.13998523020115,-37.19342599240977,-129.4144968899637,-23.623815327194215
e97032ad,1,126.86901820863162,-9.845725192954491,112.53927926109671,14.036124941304925
eb934281,1,164.08746971820656,-19.830888180034517,155.7929902596183,-5.475380501732396
ed6436d6,1,43.81491973455215,40.539780927149124,79.33381570756465,14.128565018289578
ed6e6e54,1,183.1142795498665,-16.371121271839648,154.53701207656874,15.387176242794077
edf885a3,1,145.53975104865663,-51.53340355840048,99.82338567953677,9.947474130497682
f88ddb26,1,-50.58609141928641,-40.155984470344926,25.035420759929515,-108.88305834426973
fa667be2,1,280.7521567444468,-35.753046935395936,274.8908612641986,-28.136989455421517
fae0c593,1,126.89447117787829,68.90766402497312,134.42572825948088,37.96468266460426
fbd68d27,1,-219.90467520870985,-9.196258286109774,-134.71423834437203,-56.35575823972059
fc03f21f,1,203.00133016899687,12.034963701242898,196.24743871776533,23.325856734412433
fcfcc902,1,-89.02778305927436,27.18219748069743,-74.20743876676978,-5.08175951166551
000d7d20,2,95.26904662662395,-3.0429088355211604,109.90946572551235,0.8159522544854818
0390d174,2,-198.66886218391213,32.59811431701901,-170.1593917142725,8.815510411189194
0498acab,2,-124.77873619911637,-21.912684552249434,-134.89706588180587,-9.212873930976425
052d64df,2,72.4693596322297,15.911063083262306,93.6775206160028,-8.486307414704132
071d7b45,2,154.79372170241,-2.236560827610809,136.85796625626847,8.94091040408327
084d66f9,2,-71.62919136170498,-51.256843187693974,-126.22754482375689,7.562977638029594
09ec2ca9,2,148.34151490866762,14.84092039472136,137.16647134123073,24.64240617887592
0dc5e64d,2,-260.0695143054531,59.8394160553208,-227.918792745361,21.829565751132385
10b89021,2,228.3622141057733,-107.68361896924849,215.4984940083473,-73.76982483979624
10be2420,2,143.37259489711627,12.083975356619643,153.43734594559206,10.735745193591164
113011eb,2,-113.20846922696786,-29.016702987737794,-113.47397056520086,-12.599712090273947
125be846,2,227.45494032865213,-13.876622672880526,284.50119430888327,-50.481903119487946
1285a37b,2,176.37995853338242,12.49155362689909,189.6601968097822,-6.299464818023111
1295a25b,2,-117.89431928496963,-73.13465394897575,-154.14536938544668,-31.26734819724573
1550491d,2,180.9448168766909,-2.339943584948784,220.50378605564353,-39.44141005609836
16e4a047,2,39.06034102951894,66.23070852048535,104.16687546641694,18.579692075100596
173ed841,2,261.39020941173203,-80.55836974802163,161.2398007976802,-0.16556076872295877
18d24f7b,2,160.01115477967207,-0.8071515524061719,185.23896131789044,-7.160079804479192
19137a89,2,-232.30164092672013,18.08526105619851,-224.10545306298022,7.876505161970554
197f8a5a,2,272.0253186465786,-93.48594548601241,197.07179235372968,-20.154953572096744
1a730ac2,2,-121.36243929357208,-23.962308520718846,-147.442371602402,-0.08993091444399903
1b1c5372,2,-168.77267399734998,-21.33273617534919,-135.73636700462686,-12.631196410104861
1b6ba517,2,148.76100749727922,66.52677329253397,242.3488871654264,-15.419347891495272
1beca81d,2,-134.27263622489002,-12.025966630331691,-105.84424428577861,-27.697403791612103
1e30dedf,2,260.87659365327397,-0.42747649492423,275.7291349430257,-19.20700917346465
20096916,2,109.22071959728756,50.56836682801642,135.67073352807802,23.848012690333146
22c5f93f,2,122.90275158571822,21.547323268235186,137.8085849721253,19.54354202942384
2364716c,2,-107.12050085410283,-70.6781862899242,-161.8791893815086,-14.451137915516115
27c3155b,2,-92.83734873878706,-17.04752270960719,-59.293791595476684,-39.39348033169162
27ebb9b9,2,33.337553070070534,158.86501107406437,107.95296781991777,68.73620330374098
283269ac,2,82.16602681885904,10.074525612994304,86.43724307267067,13.07181847834963
28473855,2,180.60210030673318,-47.510468600899806,164.64177179944264,-33.78244721277264
2b034622,2,167.36347927012272,15.6916820254576,190.80802570434858,-9.815089331558623
2b06ad65,2,124.30237819452482,1.8660260896753322,128.53048943284963,-2.6951016105841816
2cee0cba,2,-225.36510150360388,62.37819749734194,-185.57617635905132,4.063606333872524
2d2d0c6b,2,-77.92018031958338,-4.0813187391475605,-90.36363183766684,-11.752573683754646
2ddad940,2,-98.79480129299998,-106.40264823167611,-124.53900420892631,-54.368231369926384
2e63d9de,2,-181.5523222622027,73.34268288484863,-124.53677749609588,28.081390177831924
2fd68f7b,2,-153.08708552083087,-41.8507433197437,-269.24511122867773,49.327819572988794
3584a6eb,2,40.69973937485257,79.50804836003964,129.96677575916226,10.090547688245714
3690a146,2,-109.31944574810998,14.6272753043141,-110.21985877127685,-2.0945768075004043
374be387,2,282.0738328550603,-25.522403243690423,309.8487960149456,-51.29027718414524
39b51819,2,166.79131668345602,-8.322867636060105,152.1243048996572,7.904248680394383
3a0af893,2,160.06772389880032,-25.657509337304745,110.64708279894049,6.495009525822031
3d96d897,2,-102.35483589618185,-102.89215080264434,-122.53489470603682,-70.66687107198528
3f603129,2,-131.29755189109565,-55.46706355434218,-209.71967807308317,17.989345958630565
45fb3e21,2,134.69805171950748,-25.449943982360047,170.5204917175541,-17.37613821447709
46d24a09,2,250.19452572637962,-7.1784067834453635,200.97428501697908,6.4701668515949855
49dbc14c,2,-111.93072831714802,-15.687160569903751,-125.35318991038514,-0.8954930206777352
4caa7289,2,159.39009412013976,9.315526282727548,158.28522253962333,2.766349844126054
4cecf7b3,2,140.25580033878444,46.52182624736967,183.04530847200905,11.765851441511659
4f69febf,2,103.87057784227082,48.512249190003416,117.47015817065761,21.635971722577008
511e1db0,2,-165.19073183131562,-33.36862265986536,-190.3920290999658,1.3136224552518794
512943b2,2,-105.94437711506393,-62.50659692042367,-126.48139510914314,-19.68825622255827
54a7e3c2,2,206.8343687995972,9.558108631562813,207.2070353622044,8.456762440994924
56b00794,2,-157.91666932009286,60.475684080544255,-208.940372573187,56.53095937681051
57796579,2,276.2739251821295,-27.068785471259837,251.38633128545482,-27.768018753973273
591cc951,2,207.9772948786945,-5.777937417750186,232.47142790272127,-17.36139643245637
5a63b5d1,2,-16.503296689589092,93.2425888168767,100.072249960389,4.7928709889360945
5cb483ac,2,-110.9332887363959,1.900567147623481,-126.56253236681926,3.6610895019616776
5eae34a8,2,-126.58258507022758,-21.62087040023204,-138.6368236078236,-2.930135567645877
61f27424,2,214.41429203243584,-12.551468318377475,206.61265693100847,-14.814849114651807
63559d57,2,-222.0181359184172,35.74103294785009,-181.82583693839842,-2.4753217254411912
647f2a41,2,-121.69121345274824,-27.763600776806637,-139.10204809412875,-2.341733129958844
656a067b,2,157.10348745363893,-39.639174955568215,143.793835990698,-0.14772518466522988
65a5466a,2,-106.54936618505909,-81.15412423151268,-138.3871174682074,-37.99364040793405
6767c111,2,397.691332341842,40.845540282274285,340.30016912040946,-3.376218547085066
67847288,2,252.96651601199218,-19.86047154977248,323.4459930709169,-68.79474503088001
699ea575,2,35.53275320212133,61.65472176165383,72.44378244825415,28.18026861110326
6a0ff78e,2,-167.55857103972374,-47.80446960225077,-166.72787605315074,-26.412239557570416
6d590e26,2,307.3710935800128,-69.81990538409916,269.4989432855468,-33.210586213255404
6d6d93af,2,-223.49431457139877,77.30464061096866,-124.16417560464677,-5.836660196782399
6dbe4b60,2,-128.16302701595512,-45.36582452190808,-151.9411147076911,-9.46486835238121
6ede926a,2,155.20532331367573,-4.569676514304553,169.53117782993718,-20.176129663996697
729f4217,2,-237.37185899781582,36.16414078556389,-179.95259579843687,-14.22518163560191
75d20a82,2,-15.424094994108884,180.0653432173926,60.0410883848577,70.17426928672356
7993a768,2,127.48465608723635,-29.49808508827069,126.54886184338594,-21.985905811419997
7cbbd047,2,-260.67643327259793,11.90843260572193,-250.2001305685193,8.36601776755913
7cd4bb31,2,-196.97919264199885,-34.95630035020454,-181.0497665751668,-32.44132396983236
7d57c75d,2,-177.0722494924364,48.77019497423292,-155.53940922662542,22.548631157536498
7e721392,2,-7.375487406798511,73.32079930234696,114.40740232605745,4.123913736847273
81fc01c6,2,204.69479513094944,51.23703578060389,243.79555199120904,-27.00272951705653
8612b37f,2,182.62617977170132,55.57373000005444,165.67972811679968,33.54362245922125
884ecb5f,2,-186.8580617867347,-35.045902012972,-187.2540832019357,-16.70586132179632
8995c945,2,376.9413845327153,55.83524094516848,309.568927272122,44.01282093105699
89fdb2f2,2,-44.12569817713411,-8.324547456962872,-39.42993861501375,-21.5877940975374
8a89da23,2,-72.07181120943396,-14.695326929211173,-107.88536134896901,-8.334925201971613
8a9c8932,2,222.67619877485413,-79.00400618898254,197.01152494779546,-48.390980269788024
8c167025,2,-230.6602378272534,107.37467325499702,-215.63379777922216,63.68372466971812
8cc21f01,2,-110.87266438503096,5.4246094918615455,-108.20600261187954,-5.177009147109947
8d92cb49,2,170.97328266547575,-57.27548340443566,118.27738264195673,12.465872030756982
90386ee4,2,-139.59823839316178,3.1193513128809642,-153.01389860195096,18.496157491884496
91abc4c7,2,168.2971716055915,19.84477128404418,172.6550959420706,12.577565041039772
93f5d2e6,2,-106.45936268282138,-23.679343805574334,-106.76153797964497,11.085511353700007
94d813a4,2,159.97995708720487,-22.43157438099277,222.23968615446105,-21.56988066655373
96936c22,2,65.63090037092171,23.736682368757464,75.09353490157321,21.239654007182295
96ae5806,2,-361.2762371601563,29.78012869664419,-323.4722225285348,8.706096200397111
96b7eea1,2,177.61690735854495,14.374023324440923,187.16519257279566,6.712418291108504
995ff498,2,173.50249781692906,-38.68451671822448,165.73951195538,-11.89915993646426
9bd2bba3,2,269.00269196488273,-47.48590941759399,260.1587868018952,-39.36433951087624
9c211c53,2,303.89387279170916,-41.94353459229777,289.56220055562335,-25.132978560117838
9d072e4c,2,-197.48975595122033,61.04977185379878,-134.93506264536248,-8.563067907669037
9da441ba,2,-284.40012349192153,16.439785202698122,-274.2845236137742,13.285385968151447
9ffce529,2,119.15601048832791,31.02385270441787,162.3923164003129,30.759402554222795
a0383629,2,-208.2253113060206,36.822955552827274,-146.36745594984433,-28.08445947010384
a247e7cf,2,-196.21055778504126,17.35305497049479,-185.42353797362094,10.554915579300328
a4f989c2,2,-182.72162437266283,12.841029959836789,-163.09719684481598,0.6064524646221212
a5e6f7dc,2,-352.8854831203104,59.781094647278465,-286.162275483031,32.50469014266465
a6ed2eff,2,179.3943011957799,-39.762236590552824,169.12214444762293,-24.69280594416287
a783cc24,2,-67.56173043523847,3.9586821132138343,-56.21154215783819,19.806199310606925
ac6f01d5,2,-135.53058914008517,5.136289232687807,-112.0269897555902,-17.06335533028757
ad2133a8,2,80.18075981159808,76.86832391894143,184.49836270416077,-21.52876637419116
af7a59ce,2,-107.3845946555973,20.85223116322167,-98.57433866138834,8.679991471759605
b0f53bf4,2,88.81902570030984,1.3869289849161532,118.06252854202975,-14.186954708572602
b1efb8a4,2,181.9458301781606,-19.60795828809432,183.56367678026874,-21.88547473472999
b85f7b06,2,-168.99728536952028,2.8879230056609635,-152.0541847920745,-11.94435285812519
b977be4a,2,-219.98266334092773,-111.52519727045613,-211.9986865889989,-48.46655434391718
bb337fa0,2,223.15755203767642,30.192811912019735,212.93236048716867,11.251525134823815
bb682ebd,2,198.4263593168421,-4.165253835806712,169.17325740316227,-1.2893530159287097
c1708b88,2,-208.42232231013446,-90.5496486819212,-216.32223512127996,-38.4009241503442
c2c6fc71,2,-190.20264144775868,-5.176516879033786,-209.98338822128412,6.659691783098442
c47e0767,2,172.29070972428536,-35.36647988140559,115.37182274911328,-5.985449172173595
c6c96179,2,-113.00795181675036,-15.483806893821919,-131.4093627038185,1.033834525950772
cb34231f,2,-50.772399057271585,-94.61096416101658,-99.69848751394488,-38.67861635250611
cb879f40,2,312.17882715894154,-50.27668568967323,271.31821284888815,-21.48261935422898
ccedb12b,2,181.98166064944863,-47.76500815287248,174.76156404629216,-12.893494952355795
d1ecf309,2,207.17983495325277,-12.737939460777655,176.8225200591593,5.064878555824286
d1ee630d,2,-215.1226083592757,-90.38501326346561,-273.1036402853091,-11.91283172523982
d273674e,2,80.18367435380293,24.9714776606293,115.83641251410143,-5.114918458572998
d2f3b1ab,2,-101.78594083505376,-89.670881387874,-159.93054169779492,-2.6179336622657368
d463e527,2,140.31827729249784,31.005492095076512,149.01576184842443,0.40303923501923045
d4f60a28,2,-197.71321763539905,39.11380521234426,-162.0827937089392,18.446031130011104
d9ae59b2,2,-206.36569730242573,39.62187363672942,-187.5922179232019,35.02087336004904
d9d6d94d,2,211.68587050971774,-63.699028804776376,187.91885268412378,-23.749574846259044
da940160,2,173.9622926384098,-52.34177247650241,128.8116123359915,-3.4454125685914097
dafc88c3,2,-76.21671559216598,-16.688858215011575,-128.13820713019166,-3.103511866743263
dd168de0,2,150.6216052834613,0.6787100986332913,157.2014898994513,-19.840375732343304
e03b45fd,2,333.4977511403912,-49.57363169873349,302.7604985226663,-17.20809978684705
e2fc7745,2,178.35572906180906,-47.13315458876127,156.95060615268335,-11.235732691562816
e3b34f5b,2,-166.39109438647426,-17.849968481029443,-155.2793299170462,-12.803633772856312
e4726608,2,138.22568455530626,13.435527887494036,155.20052738299304,-11.533901599084615
e9949a23,2,105.34893964697831,16.847029603916827,157.1304008880325,-25.440934615388986
eafb863e,2,76.12857200825391,1.0880116795345627,64.41761845578822,2.4146853813656457
ec13af42,2,-77.91728075150239,-61.028373557858906,-128.58538443333836,-3.3535496520732515
ecdaf714,2,394.31372040304774,-125.84946624571066,323.30345576372736,-84.24191236664412
ee288beb,2,-172.0114989189041,50.55142024038335,-221.48385910878346,44.344406276676985
f0188a48,2,-287.14315378319964,71.0377657322572,-246.56871551351438,42.32037722868501
f03f10fe,2,-115.75182364988052,14.15153077362068,-116.47821248141014,-2.924930364312265
f074d277,2,128.02963201619644,-14.273161327429104,106.12904340448878,10.748744721480463
f321a31c,2,-263.46615981392017,38.98997041790206,-271.75417848889265,65.53394559465525
f439a621,2,154.10037405182456,11.352793899114534,144.12177635386567,13.842279124314915
f5859199,2,369.79927918963455,-86.80443419137859,270.10984371396285,-4.989416116717678
f8662c22,2,-88.75133006775538,-90.51848361822958,-130.943275237101,-46.78517500259864
fd710aea,2,130.20440211982182,-20.930789706858118,108.37629816468308,-3.6202633145514236
febb4411,2,-219.87727207536628,88.48087912122898,-140.78486527697507,23.411320349519915
01869cd4,3,-213.92847304158218,16.81999658394795,-201.62818614393973,-1.1041680154618243
03a935ae,3,188.58346538104007,-149.98936000495593,166.11374903315556,-66.8751864743343
059c8f24,3,-493.4932218728168,260.78330563181544,-339.80199760964814,107.35897996081135
05a0ee4d,3,195.5651756380513,-38.34324471911251,210.20025583347586,-14.58842394344667
060ab2b8,3,194.9838319069418,-30.719829508044935,213.96009558998475,-34.688174398988835
0c1b160c,3,-121.093006778968,-34.16647771168771,-159.2181382057359,3.269478626914898
109d9d70,3,183.30454059521608,9.342057919887182,194.00870225274235,-31.377807776100333
1590af81,3,164.84151418631978,-21.661439968005553,167.50993710582088,-18.24902651549138
1770d7c6,3,261.4491470024936,-9.980028326523605,250.91195848992407,3.929279145212483
177622d7,3,72.44232603845907,14.88954214928109,114.15548785476882,-3.704829796682035
1f9afacb,3,148.5440238258477,6.752784513442035,152.41375521127338,3.8978999853777934
1fee2b62,3,155.46147163055093,-16.081296807208158,131.58763951646236,5.997668863706506
200d233d,3,-133.3005954452385,36.182430438413625,-135.98835414185743,16.704325926080216
2075c696,3,-102.93166737375154,-4.993806740326746,-122.8388590174206,-13.569012846688436
23b9beb0,3,-221.45385656118614,-20.068238738497033,-234.38837755703992,-6.574224967729963
261785ee,3,119.74505784993448,26.765491752405975,174.5684086601472,-1.3628028053558223
272abef3,3,-126.41700593478609,-36.77056832467755,-117.26557876711452,-27.365395702000338
276b012a,3,-316.0639077711346,182.49375330228122,-216.62991101763055,82.02584438810368
2d179ded,3,211.00959242155125,-50.83265102139834,186.90457616867786,-23.53220629223065
2d35f86d,3,174.37854923360106,55.65215644298693,167.08535124159783,24.31976632442076
2e43c2ea,3,198.68514734132614,-6.717084261021377,157.40954933332108,22.400698854531097
2ee0235b,3,263.40236188409773,-52.426995492016644,236.74009653922104,-38.4178454137966
32fe84c9,3,-163.1450881044306,7.774078434323894,-98.39069955398483,-45.52116112913135
389ae58f,3,-47.443862008837584,-89.85142759516594,-143.7608984808678,-31.87681868418304
398dce4b,3,119.21312875783538,13.117116339715288,135.78080066769377,-2.0139250769006383
3a223519,3,-222.711775680414,65.56733772261113,-145.1529803393106,2.766512187539756
3a824aa7,3,66.01010922106026,61.502519841047864,104.48257244083315,17.756400533454567
3bfee975,3,-103.68394989260007,0.7763874654924642,-135.6634081182384,19.54846982527894
41fb0192,3,-83.95372019086166,-36.130248690334234,-96.46429552114586,-27.21085623311173
4630ab92,3,72.69683128931156,19.862973879186978,110.0555283145987,7.105841160172561
46a301e9,3,-261.8105690991964,0.8731430024574034,-248.18920746037213,8.664760317369936
481de5fc,3,48.29099935370998,136.2374745937434,135.32602771675707,55.29925886501727
48c1f673,3,187.00982172779314,-7.216792204726886,135.6742290687502,24.204380461256743
4a035ec2,3,-101.06707145630351,-11.292035628653329,-68.26349014127591,-21.14312943146375
4b462989,3,155.48663288848027,12.211279739642917,170.39013129899894,-12.000964501658627
4b831d20,3,263.29245791214817,1.1689623347099707,248.29307198056694,20.425028773957855
4c3168cf,3,144.11821901450753,-11.24086552604772,124.4376552827819,6.876996385526596
4ed93db6,3,172.28380496657545,-59.67664730918347,134.73323620930745,-9.56218090514444
4f3eb9e9,3,166.19937613470836,-14.198304210157069,107.90155096453644,-7.783492707896239
4f4ac5ce,3,133.42122535139393,23.861519471078537,150.64346745209474,-5.465049759411672
4fbe9c06,3,-247.31342123320695,33.10197139548712,-153.95324441080498,-43.84157094424744
529e88ca,3,201.00508160828585,70.9457307271155,158.9611568389983,63.352388345975704
52f1e77a,3,-65.55828726486769,-49.40495244027572,-59.669099199971285,-57.14783489385544
5305524b,3,187.88721970788714,-4.334243991025759,185.04045251905927,2.6835829650606513
53f23031,3,-281.42578554741556,21.38323525448202,-282.1157806648869,8.589809434195606
577eec7c,3,-96.74239795524004,-93.95682424648226,-168.56348189707063,-6.118517317067303
57f05c51,3,-99.36693347116058,5.509776024260062,-144.9235478320037,38.517796844357704
5a1a8fd8,3,-177.54568709098655,50.56667268189153,-141.79475601115604,1.4607726745929241
5a5269a9,3,-208.08870970047363,-122.84416384419953,-243.2097114151171,-50.62245042816726
5aa03df7,3,-127.9636900027505,-22.28917319878277,-138.03928527823376,-29.054200859577527
5b7b6324,3,221.2465041004002,27.29492239371205,209.62228378518614,-7.834227094095883
5bd25f59,3,228.41807053315785,27.74842645245414,208.96847808293853,25.2141755018275
5d7198fd,3,206.98283946598156,-52.40413222131954,178.97027473005977,0.7480751513320758
5def1ce5,3,-154.70833943610904,-68.36925447215287,-158.0233844391679,-50.49418899702498
5f4d2a52,3,170.70981797024982,52.31946633874577,74.37780487106221,83.74286831771084
653612bc,3,-62.3850434344713,-43.55495618164632,-53.227953641945774,-54.16287811557428
698930d1,3,183.60249132599793,-9.699203595209564,186.4474552169686,-24.503596411014083
6a8fa194,3,11.65160779635026,104.67025832869444,38.10888717063162,66.3172186590248
6ae68655,3,207.25857084602987,-28.657429073014594,189.33681097275775,-14.266498948759319
70e1788b,3,286.34110562890146,-57.79697736856759,286.2931715937679,-58.94809692036143
71ccf778,3,-2.087676420689424,87.90060420010353,40.79557919544994,44.86635192357322
7224331b,3,283.1640016318113,-51.07132928425485,258.0589433332551,-22.307009088580404
727a3a10,3,-30.073561851820543,24.30721025055533,-0.2541833184319202,19.080456216170827
73348914,3,-260.1391706935488,107.38625714781774,-166.8188325290928,8.076886532227958
74b6186b,3,120.31201327295308,22.3008706750967,131.2857161769768,10.057763117500658
77e4821c,3,-145.81125787235894,38.286309400420606,-167.6058492161036,17.149383714862186
7850c72e,3,-129.28839163091803,-57.810962891925456,-143.0875730880373,-30.515912255350297
796dbd4c,3,-208.83915856705252,-49.04119486256852,-180.2391233553048,-45.39618268684009
7a5660b0,3,76.24560348325957,35.4577974854114,132.76019908248298,-2.6248506233505866
7d50373e,3,-118.1228972356153,16.29741120399526,-97.05774116207857,-12.826506948993469
7e208414,3,-130.66041285048885,1.0359174549175307,-112.28182008944732,-12.370423110528323
8050c789,3,126.79881759733304,-48.94289029560654,124.68257799296829,-14.472595407893728
84633df4,3,203.79404141899616,32.07319806685572,188.3500790185788,19.8281090278402
8a3da6d1,3,82.48953857658104,118.70397363559532,103.43729352828231,75.56275758821485
8b9d8326,3,-145.07081406893857,-44.726693385495075,-174.12306269241986,-4.301171633742743
925a7cd1,3,172.0772995275998,-7.558236515858883,173.83034805254027,2.3244364486273517
9314ff13,3,20.023305295404935,71.77786502210625,48.88581583902935,46.163870565468955
940a48d9,3,-85.68453514476887,-33.24556190430341,-96.35338970586655,-9.662901245770144
9426ec1e,3,-73.10798393422559,-28.48077809167675,-59.92472252011662,-25.39976826804097
94467f50,3,115.54948323512046,-5.47462244308359,75.81019532342185,57.679015648841
974802e7,3,244.27041919893088,-8.480273991130431,281.2331365803329,-73.66616341117643
98bc6f66,3,231.78460040295403,-74.41273779119946,187.5046634100268,-16.659063419658978
9a8ae0d6,3,133.7955924569243,57.86469309860635,165.3116690779679,8.59785380572618
9ad5410a,3,165.72393951666223,48.15096281232774,196.33925585444325,1.770962205664051
9ae248be,3,265.4929629096464,25.37882804216079,290.73429047481727,-38.801111255672254
9af1ffd0,3,153.50631382074795,-22.21019254062585,159.2754441486182,2.088889218310795
9b9e3b49,3,245.8069107794925,-33.71359294377121,180.2703307491467,15.404168747749338
9d3ec64c,3,-124.96696986563151,-22.29229641702438,-111.00646139251621,-30.25834897480698
9df1b1f9,3,180.5775573059203,14.124141244481159,171.21692582925937,14.652776676811563
9efc812e,3,-92.25907599629498,78.71209984785422,-121.74881590831627,65.77049902587069
9f0c7bae,3,-24.83605889481291,-30.24184397089769,-58.24345994594135,-19.34579461919377
a0e92ed6,3,195.9673587847428,-41.31656054852893,130.43206736224403,26.45411839171191
a6f967fb,3,-64.36248966929948,-42.79118216785345,-83.44476494036718,-23.660988442928225
a85bb86f,3,98.20585404930094,24.640462791536056,84.3143240948149,40.43807284167656
ab6fe95d,3,174.3494736454386,16.346373416378103,174.5011182802176,0.7856561600836294
abf460d2,3,65.78749106877213,27.78173967705927,81.8591749682256,11.344460936213068
add9c322,3,122.52256567264234,5.414628163215583,142.62793834660192,-5.304349639768341
ae069086,3,211.59116763960333,-4.125840883068323,245.384988051932,-30.996406762427863
ae8959c3,3,283.5556336824556,-15.10601297526059,219.82867980550566,9.053949417363482
aed44918,3,124.06851960417613,-35.38347269011008,90.94535647876877,4.851530451932835
b0d42b0d,3,279.7145315388545,-69.87133420244108,194.32862713254752,9.17331188722481
b56bc0aa,3,231.4198493473335,-21.870442773289458,197.25386751931586,0.543313113060444
b585b4fa,3,166.56584774491202,4.379141456965816,154.2445457304499,14.765420127008724
b881d27e,3,-146.84871403205165,12.806675574999252,-156.38992861072518,11.029725507986932
be063506,3,195.89069326415037,-8.588210722003353,205.62189095947684,-23.26367449579676
c03b9305,3,216.70298190609077,-19.817395930336023,200.06417305149608,-29.617933524030096
c03fba65,3,71.67706089922437,27.63713757704513,120.30250862172616,-0.006642395037587789
c2c4db09,3,-237.96883926468666,-92.02559134964676,-242.99940930276955,-40.44540868836826
c36625df,3,177.47713049444243,-5.87243221346149,160.31523752731619,14.181675545478797
c66be2b8,3,183.86211460252272,-38.883881184352,195.19700854116115,-10.373777363560622
c6797dd7,3,-161.46936057977922,39.01900122251215,-147.36421290353093,20.91516996394924
c70c0e01,3,-133.97576451142044,-43.649159349633834,-139.48477991013254,-17.100730334025734
c8d9680c,3,339.83016875847477,-66.42493079006476,221.2615906497963,4.677466261178912
c908edd0,3,122.06363826151048,2.9845442841675034,112.53152911129682,28.691722859759484
cbb406b5,3,211.83316810737801,-8.415098059487246,187.0235558755365,6.510429498455332
cbe62450,3,340.3964342547816,-93.90343502667821,198.3640729139217,27.324728389669655
cc8a1d57,3,175.74727336738036,10.962662138354636,228.20539755872807,-29.31456676846504
cdc60a53,3,186.23399575192323,26.32798607842969,208.81586172508213,-13.550663475388822
d011f41b,3,-73.81096828513411,-5.55444091910905,-42.048129108097456,-28.61634286623735
d0cb63ae,3,265.285798932934,76.9382010999804,291.0744590976601,20.909047217751954
d114d9c2,3,188.36153844885902,-86.75847876311859,177.41538607406892,-39.48599100474851
d1457cc5,3,206.48424652230773,-59.34131233694333,199.05084341169385,-42.84922325594198
d217e0c5,3,-121.48053862420639,-4.238398688018313,-113.43051071691455,-18.14164925370533
d60430e6,3,120.38957196698927,-40.78017268230836,98.10186368895462,-6.127004082367014
d63196fe,3,74.82271189639435,43.846140665490715,138.85243299953055,17.264834415155295
d924e971,3,138.9829245988059,48.52524572737509,143.05928432118708,-13.782148114374968
dd64382d,3,124.42288912193409,10.567329796489382,135.01998848490842,-7.823178398822428
df71d1ff,3,-274.04978757416467,-19.792529818910516,-199.21215170312547,-46.62982155416539
e0079ed1,3,-131.58140732423522,-17.816200856959707,-126.81195708372728,-8.627612314797695
e14d641e,3,60.68566830785085,39.29358580099439,70.64044418073601,38.188555152042355
e201fd6d,3,68.57557912743893,102.79863382212865,140.85356199004764,13.07291964539413
e5864244,3,-152.45754454095683,-8.573673707302353,-139.19961154301234,-18.098408220384027
e5c92e59,3,229.83834165373975,-27.975659791243128,191.59073495595982,-1.0828921575904262
e748dd88,3,-131.4741655794492,30.950761107102693,-118.79602261735907,2.45414613288248
e7818f7a,3,-240.3571641496444,-22.037435804282552,-220.22576745728077,-18.110076566756582
e7c36e81,3,108.91470996999331,3.8732648860764365,132.04222030984963,0.21692477540377064
ea0b99b7,3,-314.73311814634286,12.985197614290048,-287.821080086643,-17.97006106198004
eac10e86,3,-109.78735914880399,-9.02775229833438,-96.27343751663108,-37.96504641017628
eb06a4e7,3,212.1914866679315,-68.19839615371646,188.1355503651318,-22.305907835548187
eb640a35,3,-170.827565586245,-66.68134924301347,-186.5108826484685,-22.9482718239182
ecdab904,3,247.0329236650694,-14.361420895515089,227.44526106121322,-12.954452821427685
ef8e3ed0,3,127.06734732848885,11.243336614944086,129.02795233189767,12.927562496821004
f07d7037,3,130.98252872894113,10.083922271861503,130.27832812168776,-1.29161113627814
f2d4c8c9,3,197.753631610316,-40.658619838776715,181.12836469523813,-25.265935936896327
f40cd091,3,155.04915587230627,75.19161206699123,199.54488827712947,15.056708141330915
f49fdea3,3,261.09649292043105,-12.573432909454677,227.72554049276505,-11.152058961488663
f6d009f4,3,398.15307325476573,48.45765207804519,346.59899813036157,15.074727119908406
f72b268f,3,-324.94255869631894,109.2754643367331,-244.79163596980953,20.26997174276589
f8f59188,3,150.78764274257665,17.6568109781948,166.1343958775537,-1.383456918358109
fa16d114,3,-181.30278341909923,21.105850891949796,-124.80849051333537,-19.157216699012253
fa31da94,3,-261.1095615233903,19.303099275186693,-220.59621020496098,-1.6312318275022704
fba7683c,3,6.595462214928373,0.41174437833224875,11.331600196720883,31.40902687252892
fdfd57da,3,-228.69292336606665,45.92399613677357,-195.1394787316343,12.04471312418596
ff0aea78,3,89.50269499002611,-4.322769622329441,20.251300068849744,58.41604363238401
05948241,4,125.05498323680953,35.35392273331103,159.01081495610754,3.3651303208116614
06df5958,4,-113.58918373223955,-16.664760613726706,-105.39952867763435,-21.840082940883885
08fecf00,4,-155.54207120787646,14.127209114222648,-117.76884753421231,-26.381044138651426
09441b8d,4,150.81090899277194,37.29417211281931,199.97084799850467,-8.492251512469188
0bbf5e67,4,-118.52929665769571,-8.733375057031207,-130.42596535684112,0.16189164518456978
12f0cd90,4,-360.5290087670678,45.8781066022632,-323.38573216572394,40.57733768144723
137d1e44,4,95.18153651449371,74.5409610208402,109.87577765568224,25.292305249698902
14fee784,4,109.85944203574557,87.01338811736458,215.37664026645163,-28.55130817435117
153552f5,4,180.26982838767722,-22.541130618163976,162.0982422876511,15.43953448603704
15e154a1,4,-138.4217176311455,-18.820427932790697,-174.66751555536135,4.429407485229716
1619e2ca,4,-138.63930152062684,8.520043356356334,-122.66197375240904,-1.1396303555610785
1944513c,4,240.94029367469898,-73.51433165949784,192.92218892062624,-35.727313380598346
1a68190b,4,-104.59135592976507,-49.307621408594834,-179.87226741869182,24.34154693396812
1b82b665,4,-172.58044890896633,20.435190815154783,-180.21263645486377,24.199685340984164
1bcb2fcf,4,130.61822565663596,22.033183638588888,134.67640477492176,7.301147847315222
1d3fbf02,4,-66.64363316230383,3.4932811223911444,-65.42839762657745,-16.376699350183486
1e5e3573,4,-83.61620532924663,-44.70119725510809,-127.56924939278667,-6.530143495371043
203721ab,4,-72.04545885183151,-34.78122799353088,-110.33907313051265,-19.74019288855652
20402d71,4,157.25978824982496,-37.63419773172084,166.99870057527966,-23.645919891964663
26623a50,4,257.2229285697338,-1.7215599869384843,273.86623631990904,-24.633333190131264
26d3a96a,4,239.80020476572352,-69.70642066816012,194.56976959504556,-9.021798191061912
29b24409,4,199.356265964442,1.2703444805236102,199.02213676764876,-12.891711220841685
29de15c8,4,89.81830163419056,3.069472948949246,106.04588242923441,-9.276190849467401
2acc78d4,4,-198.6080930000926,77.23679719736575,-155.0152670696581,20.36136376507802
2be5c96a,4,-140.26386287411944,-17.778845198369286,-149.23069235430933,-4.942998794726274
2c0c4a4e,4,-159.93569614815377,-1.5538751176052863,-150.4060692108958,-6.992769905017548
2d0c268a,4,145.97955557374166,8.044701960544527,128.3141591124132,19.29960006340326
2d9f6cb9,4,267.8261755407065,-44.71482107925026,246.41504582590963,-40.68357852342428
2fa01aa6,4,-59.92381931964924,-43.81859223661361,-38.23204128719644,-29.360105373327706
310c71a5,4,242.66345178017806,-50.087539379836365,214.21189619207192,-15.933671611059477
3407f5bf,4,-85.12573716297568,-64.9071562389485,-120.24353350178333,12.955906393196585
3417285d,4,261.6044101548217,-120.9751135523253,145.8462903484231,-9.66729947494128
357c12f9,4,145.64703840595973,10.271668680106036,135.59826849297855,20.444315610713634
35b30c7f,4,-306.8778038648591,-48.04599923927612,-256.7655516474922,-66.49672689894753
35b3ef6a,4,144.3274855785036,31.765926811437044,223.58578560692575,-31.757888700323257
38991fd4,4,190.41289919563772,-7.677939888613737,216.96768874055235,-13.522548713657844
3932faa6,4,68.51292648161727,101.39351988822769,120.5687766716982,46.03469368268595
3a7dd95d,4,-78.92302865631899,27.921045531649295,-61.955606931096995,17.187868746687865
3df4b19e,4,188.74840313216143,-50.55104723648975,189.91677909265016,-34.987702878708035
3ef98781,4,102.18128876613258,2.3569969946503333,131.89006365308757,-28.079381760528
404c4384,4,29.463656682143966,6.376398882368748,49.998327369758016,-14.685497623914905
43b06c70,4,190.32749639991516,41.1464916319456,179.49972912301655,51.224577963147425
445af6c2,4,-249.86164903488927,43.962064625804274,-140.5998959612312,-35.84865419743433
44a94013,4,154.76159429956914,9.020126813530204,156.80860790891063,29.319210204569398
460f859e,4,-12.23993486955954,-56.1976810807304,-64.34061516008414,21.426139285156165
466fc788,4,86.03881965600777,86.38540785422437,141.8531433767152,29.588425508320515
46d41ff6,4,-231.3409133740681,-29.353752020568333,-211.5767022211012,-50.72360674582514
47ee27ab,4,204.4795092575281,-1.2656147693999256,204.00712217228735,17.940989275404192
4a8ecc0b,4,131.332570948825,32.06326891882512,121.58332859021098,46.04509259573508
4c2208f5,4,219.588036724109,-150.65228791003736,107.27359500922668,-12.116894142264691
4e050c92,4,-104.06914978668657,-20.954216360968605,-104.84639765085021,-9.103987191764464
5138a660,4,-167.655521371728,26.876905688329018,-95.58576159735165,-13.28894668197415
5397ceb1,4,-190.65328845299055,0.9286519151173912,-178.8555888858845,-14.985066876299996
54753541,4,-162.66383457296558,73.19875062677113,-106.68618108261984,-30.08498150667891
5567d551,4,196.3783126263806,63.794660727349445,228.34086096967656,5.0104368665588375
593876b6,4,-145.69938871278245,-26.07366256625178,-151.16866011493676,3.0324591435663697
59f8b2e8,4,-193.37047384147579,38.070628698358256,-171.0639240843741,14.268693582438544
5beded95,4,-139.63944532640906,35.48600414277033,-96.54686103854999,-8.187047864045004
5cdd8dbc,4,78.43549582539852,59.159213247493874,87.51086910619422,28.679759283771304
5f75f796,4,192.02560858267253,5.470662705017655,199.13460913977642,-18.74160201104734
5fffa282,4,-106.77683535911346,-22.04994794036851,-134.41829835574208,16.363587408608264
60e37807,4,62.68653852335786,89.80678861485418,76.74560534823429,31.985608143261842
62569ae3,4,-98.86105743758576,-10.230789431655545,-82.45111350969374,-5.659039684244047
6e6d122c,4,-113.32524932785505,-64.02733168784347,-148.04840203899008,-28.006767041600305
6e9ccd38,4,286.02987037075883,-102.68016217829928,251.7834087421476,-30.446915230226157
71642c7d,4,-197.4447008137601,30.51512656026496,-175.36132039179722,6.281136142985033
722cf0d8,4,108.00648141018802,65.9020149566166,157.45718948826436,2.4195382784760437
7271dd80,4,-143.93863315658118,0.5153066867846695,-129.6203710875253,-11.505194251268417
729e9750,4,-169.84770530723367,-38.43407339862948,-158.53896279259882,-37.45054166339056
73b1447d,4,-88.37916873304845,-86.34129416167441,-154.80509524732372,-46.737610252819714
75cd5f11,4,-95.65179385343546,-58.89467376791512,-111.08561114475958,-32.86008541160612
79507629,4,206.5495702666098,-36.55961977714495,196.03973935021259,-12.373240283214685
7acda2df,4,-68.50007944416306,17.248015783927062,-105.93035391311122,19.373202980878574
7b2c7b3c,4,55.94549511498821,60.97517040959333,77.07107396427118,24.371160921988533
811f52b3,4,200.79264559018173,-8.00592453875724,200.25096546445982,-17.470459351332558
8255c867,4,93.75441481960692,-16.06216981576778,39.34851415514394,30.14862505916282
82aab6d2,4,250.64870009862224,-15.076827257713356,260.2979984566995,-44.32607302590935
861e71df,4,-157.93235471226433,3.9956990798582024,-104.85089355436756,-18.090509991678672
877ed19c,4,-160.65908903632334,10.269893018786103,-145.89891642826845,2.8074338121929365
87aa3730,4,-174.3060707301114,-52.852592595798306,-160.49087417114688,-44.953138521086366
89969c7a,4,140.87555474354676,59.80537919071041,157.94855084567646,36.30239790551786
89f1085d,4,324.7727498047757,-77.70600951946473,334.2752728943633,-79.55416631618574
8bda1a11,4,-195.90464957608896,-2.2673725019845903,-191.02000007462968,-19.206774713282975
8cc800b3,4,-360.77414696252566,-0.7353754801163634,-302.5126551135669,-13.672404543852629
91b301ce,4,432.33030222445075,-226.4514697323965,339.2422831166891,-54.09444309984091
93209a3d,4,210.79030255006313,45.87213593884781,220.17299627789393,15.258948990208825
940e709a,4,168.6171464447044,-11.234601289132218,149.65015144193836,3.0842411744215905
95b559e7,4,-23.71219394248072,-31.160528861467323,-75.75987925865215,11.411120987497252
95c8427f,4,107.81726707856963,43.43886412986453,184.62455202446668,-5.3000892492585105
98177ced,4,-89.11928953883698,-21.024876743848406,-115.48398346159303,12.56372911544949
9a6b0392,4,-146.15380747598982,-24.335585080600648,-159.99679812392864,12.60016086564384
9a95e33f,4,42.302322958769565,130.19915507876578,152.7923090193899,29.532476881983886
9c8375f7,4,29.67594603751071,37.34516814418679,57.12563404296459,21.65081364718165
9def2eb2,4,-199.36005869211513,-12.872705359129407,-170.85598024830097,-35.964576407359374
a056d01e,4,-224.38058654155992,20.943092405694696,-213.98708776377364,20.89473058770083
a15bc102,4,115.2096963680641,10.808378972864924,124.8698804096046,-7.010315397197259
a3f71395,4,326.910970452713,-15.845998746759083,308.3408000025772,-26.25978449887927
a612d5a0,4,-138.23541545001385,-13.82416896321531,-192.65746692604992,24.598922088332234
a79fd2e7,4,101.95594131401364,84.14765253120441,150.83306464658125,16.82464325117615
a87433c9,4,-154.0637129650443,-9.427029530047754,-117.19155370464424,-51.596982455631654
a8ed028a,4,288.21164046528594,-194.00266418515213,137.09350070072227,-32.46180616256331
aa95015b,4,-176.40683415108938,17.671433059350893,-180.59217508374508,20.72653968573908
aaeffccb,4,-37.075360748318595,-13.227044439596522,-44.26186749980687,-21.12762960358125
ab3ced07,4,84.69177662107779,40.55450258897747,135.0546192324453,-12.06685527998269
b32902c0,4,140.74047447409046,13.059568107353707,156.46368719091458,-22.590763253264576
b32e4903,4,247.19449721991435,-54.69494235773075,218.20512239593356,-25.49091258094778
b5aa9634,4,268.5513073237102,-30.32103826150114,257.4277735707234,-5.976347414377247
bcebcc5f,4,-145.35490512732324,-15.66612959006547,-175.8550214507556,-10.062956243765566
be83e781,4,-116.37479184527243,10.454547380586886,-97.40976789119739,-0.7411444090175261
beda8696,4,198.21911399338396,-120.37723661548297,141.94100192920155,-15.497217620651668
bf39bc20,4,-33.63991776247314,-39.296859403087744,-78.5069384118898,7.2224209388169
bf70b410,4,244.4336366977464,-147.6478562891105,207.07156582836376,-49.365470656013876
c03d4aed,4,-174.32254719897313,-0.2777884810867999,-184.04155642595975,12.600884971844803
c2717d4f,4,234.79056493863482,-65.01685359725586,174.59871270499121,-18.288857133789943
c42fe306,4,122.1713949373969,58.76820393364921,156.79086370948997,-0.8308986657917741
c59b6c4a,4,146.79939072896428,-50.223333887232535,152.66048303763412,-6.809662143456949
c6b782a4,4,185.87550365614865,7.077442853894612,223.43247655274516,-19.152005463907866
cad13e8f,4,-69.46859205844962,-52.776009886185236,-89.93039965757646,-25.316493174300057
cdc31d65,4,-109.81779895981951,-25.342474115417712,-142.00905101998814,21.273216180280006
d41beaf2,4,171.40323222036827,12.383535006298452,207.80967758916478,-15.190822933505313
d543916f,4,-137.70141993570792,-10.947008036410343,-169.4575767058927,2.357507028901876
d5df0ff5,4,143.95269548141155,7.071583551361286,165.3571110129947,-8.990268818030675
d6dd7330,4,201.50455200069115,-31.875819845447356,155.25631242518418,7.939885448504913
d7eb0be8,4,284.5644291689812,-239.0795503291313,104.60853115386537,-4.680042290176225
ddc790ff,4,135.58203212897047,-7.75064207509743,125.7352897802076,7.783905368446601
e0f36d98,4,-111.02968855398673,-25.90774524153103,-125.05473544486003,-15.689796880208924
e161bd0c,4,-81.25190186653202,-0.26240572276081653,-79.81864384911009,-12.942890228758579
e32da4ec,4,126.30896679460243,24.474860185598946,163.3473305474204,-19.083279289502485
e45a2a62,4,201.5792533119643,-13.229509369993004,139.4714768824821,26.952541552984506
e5ff9fd2,4,79.99694076160141,-4.4063633490313645,59.49761365418179,12.926896219750631
e730c32b,4,198.32672009600392,-19.433558595978514,167.61808503802825,-7.648487987322651
e737965a,4,186.4877935199135,6.2322766458736085,223.58800533548583,-15.936483664751798
e85074c5,4,-124.32729942748249,30.932528203528193,-132.88381757313567,10.76069862461549
ea3a0e38,4,-289.37391011912956,67.65436543425338,-250.09018637961864,2.2788748133336068
ebe69318,4,-124.17245342925436,12.448633688855024,-122.24067768850051,-2.434287785539135
ec0d597b,4,-180.05738823960147,93.79628543658178,-190.4728025023007,68.57359984912128
ee4aecac,4,-82.3123521814533,-104.1688334383833,-139.16299169093358,-57.91634312241562
ef04658e,4,160.73557629492046,-2.9114681743712976,152.48118177660592,-2.387973242424382
efde6ac3,4,-175.01988684719896,-10.81998714772215,-174.1086072010134,11.066758612213778
efe96181,4,-191.30094340735153,15.22158024119533,-150.03002080341082,7.625751666218183
f053a1b9,4,51.862626073479426,68.54072318113315,113.8454144641331,8.533786360951467
f08774c3,4,93.89558132496421,71.933706781836,105.55426639782866,35.05002820743212
f140c2fa,4,144.35545275694514,-18.867575861850895,155.86295646613632,-1.6264187694358212
f16e25e3,4,130.7432135436853,5.935546455895505,147.1698426790563,-6.292567235091313
f56d3ace,4,-70.31520551078782,-103.72953435022198,-136.00245855834578,-36.16014304654723
f5d8aab6,4,132.5933860316107,22.519508171711742,165.25896773609253,-0.38966948374724497
f631da6e,4,167.45754974440936,-10.7674774140996,195.15642028528003,-33.102052782427975
f6824bb0,4,166.55536677710327,14.412964525959882,242.20230420442272,-28.10056304571261
f8afa78a,4,-142.87145894969598,-70.68362208029215,-187.9504668293635,-20.775822267016547
f9fc81aa,4,-116.42133741233336,-75.7076612863537,-149.25820114066113,-23.771370623387735
fb0904bd,4,89.75179063098138,42.878151942062594,130.61396815737055,6.854884389795725
fd8f77fa,4,-112.93144314022912,-79.09671399722822,-186.04292475995032,3.350350977735566
fde20ecf,4,-87.29192190737245,-18.66343070871464,-124.51065940433162,3.907598350838568
ffefef30,4,-205.0870138351304,47.510601174028444,-155.20961021027136,10.405050827729323
